barangay,week_start,case_count,source
Malanday,2017-01-02,4,synthetic
Malanday,2017-01-09,9,synthetic
Malanday,2017-01-16,5,synthetic
Malanday,2017-01-23,5,synthetic
Malanday,2017-01-30,1,synthetic
Malanday,2017-02-06,4,synthetic
Malanday,2017-02-13,1,synthetic
Malanday,2017-02-20,2,synthetic
Malanday,2017-02-27,6,synthetic
Malanday,2017-03-06,2,synthetic
Malanday,2017-03-13,2,synthetic
Malanday,2017-03-20,3,synthetic
Malanday,2017-03-27,2,synthetic
Malanday,2017-04-03,3,synthetic
Malanday,2017-04-10,2,synthetic
Malanday,2017-04-17,1,synthetic
Malanday,2017-04-24,1,synthetic
Malanday,2017-05-01,1,synthetic
Malanday,2017-05-08,0,synthetic
Malanday,2017-05-15,1,synthetic
Malanday,2017-05-22,1,synthetic
Malanday,2017-05-29,0,synthetic
Malanday,2017-06-05,4,synthetic
Malanday,2017-06-12,3,synthetic
Malanday,2017-06-19,2,synthetic
Malanday,2017-06-26,0,synthetic
Malanday,2017-07-03,2,synthetic
Malanday,2017-07-10,1,synthetic
Malanday,2017-07-17,6,synthetic
Malanday,2017-07-24,3,synthetic
Malanday,2017-07-31,2,synthetic
Malanday,2017-08-07,5,synthetic
Malanday,2017-08-14,3,synthetic
Malanday,2017-08-21,8,synthetic
Malanday,2017-08-28,4,synthetic
Malanday,2017-09-04,11,synthetic
Malanday,2017-09-11,10,synthetic
Malanday,2017-09-18,11,synthetic
Malanday,2017-09-25,6,synthetic
Malanday,2017-10-02,13,synthetic
Malanday,2017-10-09,9,synthetic
Malanday,2017-10-16,7,synthetic
Malanday,2017-10-23,4,synthetic
Malanday,2017-10-30,4,synthetic
Malanday,2017-11-06,1,synthetic
Malanday,2017-11-13,1,synthetic
Malanday,2017-11-20,9,synthetic
Malanday,2017-11-27,7,synthetic
Malanday,2017-12-04,1,synthetic
Malanday,2017-12-11,5,synthetic
Malanday,2017-12-18,7,synthetic
Malanday,2017-12-25,5,synthetic
Malanday,2018-01-01,17,synthetic
Malanday,2018-01-08,15,synthetic
Malanday,2018-01-15,9,synthetic
Malanday,2018-01-22,12,synthetic
Malanday,2018-01-29,7,synthetic
Malanday,2018-02-05,5,synthetic
Malanday,2018-02-12,3,synthetic
Malanday,2018-02-19,5,synthetic
Malanday,2018-02-26,1,synthetic
Malanday,2018-03-05,2,synthetic
Malanday,2018-03-12,4,synthetic
Malanday,2018-03-19,1,synthetic
Malanday,2018-03-26,2,synthetic
Malanday,2018-04-02,2,synthetic
Malanday,2018-04-09,0,synthetic
Malanday,2018-04-16,3,synthetic
Malanday,2018-04-23,1,synthetic
Malanday,2018-04-30,0,synthetic
Malanday,2018-05-07,2,synthetic
Malanday,2018-05-14,0,synthetic
Malanday,2018-05-21,1,synthetic
Malanday,2018-05-28,1,synthetic
Malanday,2018-06-04,7,synthetic
Malanday,2018-06-11,3,synthetic
Malanday,2018-06-18,3,synthetic
Malanday,2018-06-25,2,synthetic
Malanday,2018-07-02,5,synthetic
Malanday,2018-07-09,3,synthetic
Malanday,2018-07-16,7,synthetic
Malanday,2018-07-23,3,synthetic
Malanday,2018-07-30,4,synthetic
Malanday,2018-08-06,8,synthetic
Malanday,2018-08-13,4,synthetic
Malanday,2018-08-20,7,synthetic
Malanday,2018-08-27,7,synthetic
Malanday,2018-09-03,12,synthetic
Malanday,2018-09-10,15,synthetic
Malanday,2018-09-17,15,synthetic
Malanday,2018-09-24,20,synthetic
Malanday,2018-10-01,23,synthetic
Malanday,2018-10-08,10,synthetic
Malanday,2018-10-15,10,synthetic
Malanday,2018-10-22,10,synthetic
Malanday,2018-10-29,11,synthetic
Malanday,2018-11-05,4,synthetic
Malanday,2018-11-12,6,synthetic
Malanday,2018-11-19,7,synthetic
Malanday,2018-11-26,6,synthetic
Malanday,2018-12-03,5,synthetic
Malanday,2018-12-10,5,synthetic
Malanday,2018-12-17,8,synthetic
Malanday,2018-12-24,10,synthetic
Malanday,2019-01-07,12,synthetic
Malanday,2019-01-14,9,synthetic
Malanday,2019-01-21,10,synthetic
Malanday,2019-01-28,5,synthetic
Malanday,2019-02-04,2,synthetic
Malanday,2019-02-11,2,synthetic
Malanday,2019-02-18,2,synthetic
Malanday,2019-02-25,5,synthetic
Malanday,2019-03-04,1,synthetic
Malanday,2019-03-11,4,synthetic
Malanday,2019-03-18,5,synthetic
Malanday,2019-03-25,3,synthetic
Malanday,2019-04-01,2,synthetic
Malanday,2019-04-08,3,synthetic
Malanday,2019-04-15,5,synthetic
Malanday,2019-04-22,1,synthetic
Malanday,2019-04-29,1,synthetic
Malanday,2019-05-06,1,synthetic
Malanday,2019-05-13,1,synthetic
Malanday,2019-05-20,2,synthetic
Malanday,2019-05-27,3,synthetic
Malanday,2019-06-03,8,synthetic
Malanday,2019-06-10,1,synthetic
Malanday,2019-06-17,6,synthetic
Malanday,2019-06-24,2,synthetic
Malanday,2019-07-01,4,synthetic
Malanday,2019-07-08,7,synthetic
Malanday,2019-07-15,10,synthetic
Malanday,2019-07-22,5,synthetic
Malanday,2019-07-29,9,synthetic
Malanday,2019-08-05,9,synthetic
Malanday,2019-08-12,5,synthetic
Malanday,2019-08-19,12,synthetic
Malanday,2019-08-26,8,synthetic
Malanday,2019-09-02,19,synthetic
Malanday,2019-09-09,17,synthetic
Malanday,2019-09-16,22,synthetic
Malanday,2019-09-23,11,synthetic
Malanday,2019-09-30,21,synthetic
Malanday,2019-10-07,12,synthetic
Malanday,2019-10-14,7,synthetic
Malanday,2019-10-21,8,synthetic
Malanday,2019-10-28,16,synthetic
Malanday,2019-11-04,4,synthetic
Malanday,2019-11-11,12,synthetic
Malanday,2019-11-18,12,synthetic
Malanday,2019-11-25,10,synthetic
Malanday,2019-12-02,5,synthetic
Malanday,2019-12-09,7,synthetic
Malanday,2019-12-16,11,synthetic
Malanday,2019-12-23,4,synthetic
Malanday,2019-12-30,8,synthetic
Malanday,2020-01-06,3,synthetic
Malanday,2020-01-13,3,synthetic
Malanday,2020-01-20,3,synthetic
Malanday,2020-01-27,3,synthetic
Malanday,2020-02-03,3,synthetic
Malanday,2020-02-10,1,synthetic
Malanday,2020-02-17,1,synthetic
Malanday,2020-02-24,1,synthetic
Malanday,2020-03-02,0,synthetic
Malanday,2020-03-09,2,synthetic
Malanday,2020-03-16,1,synthetic
Malanday,2020-03-23,1,synthetic
Malanday,2020-03-30,0,synthetic
Malanday,2020-04-06,0,synthetic
Malanday,2020-04-13,1,synthetic
Malanday,2020-04-20,0,synthetic
Malanday,2020-04-27,0,synthetic
Malanday,2020-05-04,0,synthetic
Malanday,2020-05-11,0,synthetic
Malanday,2020-05-18,1,synthetic
Malanday,2020-05-25,0,synthetic
Malanday,2020-06-01,2,synthetic
Malanday,2020-06-08,1,synthetic
Malanday,2020-06-15,0,synthetic
Malanday,2020-06-22,1,synthetic
Malanday,2020-06-29,2,synthetic
Malanday,2020-07-06,1,synthetic
Malanday,2020-07-13,3,synthetic
Malanday,2020-07-20,0,synthetic
Malanday,2020-07-27,1,synthetic
Malanday,2020-08-03,2,synthetic
Malanday,2020-08-10,1,synthetic
Malanday,2020-08-17,6,synthetic
Malanday,2020-08-24,1,synthetic
Malanday,2020-08-31,3,synthetic
Malanday,2020-09-07,1,synthetic
Malanday,2020-09-14,1,synthetic
Malanday,2020-09-21,2,synthetic
Malanday,2020-09-28,6,synthetic
Malanday,2020-10-05,3,synthetic
Malanday,2020-10-12,4,synthetic
Malanday,2020-10-19,1,synthetic
Malanday,2020-10-26,3,synthetic
Malanday,2020-11-02,2,synthetic
Malanday,2020-11-09,1,synthetic
Malanday,2020-11-16,5,synthetic
Malanday,2020-11-23,0,synthetic
Malanday,2020-11-30,1,synthetic
Malanday,2020-12-07,3,synthetic
Malanday,2020-12-14,3,synthetic
Malanday,2020-12-21,1,synthetic
Malanday,2020-12-28,1,synthetic
Malanday,2021-01-04,0,synthetic
Malanday,2021-01-11,2,synthetic
Malanday,2021-01-18,3,synthetic
Malanday,2021-01-25,2,synthetic
Malanday,2021-02-01,1,synthetic
Malanday,2021-02-08,1,synthetic
Malanday,2021-02-15,2,synthetic
Malanday,2021-02-22,1,synthetic
Malanday,2021-03-01,1,synthetic
Malanday,2021-03-08,0,synthetic
Malanday,2021-03-15,2,synthetic
Malanday,2021-03-22,1,synthetic
Malanday,2021-03-29,2,synthetic
Malanday,2021-04-05,1,synthetic
Malanday,2021-04-12,2,synthetic
Malanday,2021-04-19,1,synthetic
Malanday,2021-04-26,0,synthetic
Malanday,2021-05-03,0,synthetic
Malanday,2021-05-10,1,synthetic
Malanday,2021-05-17,0,synthetic
Malanday,2021-05-24,1,synthetic
Malanday,2021-05-31,0,synthetic
Malanday,2021-06-07,1,synthetic
Malanday,2021-06-14,0,synthetic
Malanday,2021-06-21,0,synthetic
Malanday,2021-06-28,2,synthetic
Malanday,2021-07-05,1,synthetic
Malanday,2021-07-12,1,synthetic
Malanday,2021-07-19,2,synthetic
Malanday,2021-07-26,2,synthetic
Malanday,2021-08-02,2,synthetic
Malanday,2021-08-09,7,synthetic
Malanday,2021-08-16,3,synthetic
Malanday,2021-08-23,5,synthetic
Malanday,2021-08-30,0,synthetic
Malanday,2021-09-06,5,synthetic
Malanday,2021-09-13,2,synthetic
Malanday,2021-09-20,2,synthetic
Malanday,2021-09-27,4,synthetic
Malanday,2021-10-04,8,synthetic
Malanday,2021-10-11,3,synthetic
Malanday,2021-10-18,3,synthetic
Malanday,2021-10-25,3,synthetic
Malanday,2021-11-01,5,synthetic
Malanday,2021-11-08,2,synthetic
Malanday,2021-11-15,2,synthetic
Malanday,2021-11-22,5,synthetic
Malanday,2021-11-29,1,synthetic
Malanday,2021-12-06,1,synthetic
Malanday,2021-12-13,2,synthetic
Malanday,2021-12-20,1,synthetic
Malanday,2021-12-27,0,synthetic
Malanday,2022-01-24,0,real
Malanday,2022-01-31,0,real
Malanday,2022-02-07,0,real
Malanday,2022-02-14,0,real
Malanday,2022-02-21,0,real
Malanday,2022-02-28,0,real
Malanday,2022-03-07,0,real
Malanday,2022-03-14,0,real
Malanday,2022-03-21,0,real
Malanday,2022-03-28,0,real
Malanday,2022-04-04,0,real
Malanday,2022-04-11,0,real
Malanday,2022-04-18,0,real
Malanday,2022-04-25,0,real
Malanday,2022-05-02,0,real
Malanday,2022-05-09,0,real
Malanday,2022-05-16,0,real
Malanday,2022-05-23,0,real
Malanday,2022-05-30,0,real
Malanday,2022-06-06,0,real
Malanday,2022-06-13,0,real
Malanday,2022-06-20,0,real
Malanday,2022-06-27,0,real
Malanday,2022-07-04,0,real
Malanday,2022-07-11,0,real
Malanday,2022-07-18,0,real
Malanday,2022-07-25,0,real
Malanday,2022-08-01,0,real
Malanday,2022-08-08,0,real
Malanday,2022-08-15,0,real
Malanday,2022-08-22,0,real
Malanday,2022-08-29,1,real
Malanday,2022-09-05,0,real
Malanday,2022-09-12,1,real
Malanday,2022-09-19,0,real
Malanday,2022-09-26,0,real
Malanday,2022-10-03,0,real
Malanday,2022-10-10,0,real
Malanday,2022-10-17,0,real
Malanday,2022-10-24,0,real
Malanday,2022-10-31,0,real
Malanday,2022-11-07,0,real
Malanday,2022-11-14,0,real
Malanday,2022-11-21,0,real
Malanday,2022-11-28,0,real
Malanday,2022-12-05,0,real
Malanday,2022-12-12,0,real
Malanday,2022-12-19,0,real
Malanday,2022-12-26,0,real
Malanday,2023-01-02,0,real
Malanday,2023-01-09,0,real
Malanday,2023-01-16,0,real
Malanday,2023-01-23,0,real
Malanday,2023-01-30,0,real
Malanday,2023-02-06,0,real
Malanday,2023-02-13,0,real
Malanday,2023-02-20,0,real
Malanday,2023-02-27,0,real
Malanday,2023-03-06,0,real
Malanday,2023-03-13,0,real
Malanday,2023-03-20,0,real
Malanday,2023-03-27,0,real
Malanday,2023-04-03,0,real
Malanday,2023-04-10,0,real
Malanday,2023-04-17,0,real
Malanday,2023-04-24,0,real
Malanday,2023-05-01,0,real
Malanday,2023-05-08,0,real
Malanday,2023-05-15,0,real
Malanday,2023-05-22,0,real
Malanday,2023-05-29,0,real
Malanday,2023-06-05,0,real
Malanday,2023-06-12,1,real
Malanday,2023-06-19,5,real
Malanday,2023-06-26,0,real
Malanday,2023-07-03,0,real
Malanday,2023-07-10,0,real
Malanday,2023-07-17,0,real
Malanday,2023-07-24,0,real
Malanday,2023-07-31,0,real
Malanday,2023-08-07,3,real
Malanday,2023-08-14,0,real
Malanday,2023-08-21,1,real
Malanday,2023-08-28,0,real
Malanday,2023-09-04,0,real
Malanday,2023-09-11,0,real
Malanday,2023-09-18,0,real
Malanday,2023-09-25,0,real
Malanday,2023-10-02,0,real
Malanday,2023-10-09,0,real
Malanday,2023-10-16,1,real
Malanday,2023-10-23,0,real
Malanday,2023-10-30,0,real
Malanday,2023-11-06,1,real
Malanday,2023-11-13,0,real
Malanday,2023-11-20,1,real
Malanday,2023-11-27,0,real
Malanday,2023-12-04,1,real
Malanday,2023-12-11,0,real
Malanday,2023-12-18,0,real
Malanday,2023-12-25,3,real
Malanday,2024-01-01,6,real
Malanday,2024-01-08,0,real
Malanday,2024-01-15,0,real
Malanday,2024-01-22,1,real
Malanday,2024-01-29,0,real
Malanday,2024-02-05,0,real
Malanday,2024-02-12,1,real
Malanday,2024-02-19,1,real
Malanday,2024-02-26,1,real
Malanday,2024-03-04,0,real
Malanday,2024-03-11,1,real
Malanday,2024-03-18,1,real
Malanday,2024-03-25,0,real
Malanday,2024-04-01,0,real
Malanday,2024-04-08,1,real
Malanday,2024-04-15,0,real
Malanday,2024-04-22,0,real
Malanday,2024-04-29,0,real
Malanday,2024-05-06,0,real
Malanday,2024-05-13,0,real
Malanday,2024-05-20,0,real
Malanday,2024-05-27,1,real
Malanday,2024-06-03,0,real
Malanday,2024-06-10,0,real
Malanday,2024-06-17,0,real
Malanday,2024-06-24,2,real
Malanday,2024-07-01,3,real
Malanday,2024-07-08,4,real
Malanday,2024-07-15,11,real
Malanday,2024-07-22,2,real
Malanday,2024-07-29,4,real
Malanday,2024-08-05,3,real
Malanday,2024-08-12,5,real
Malanday,2024-08-19,6,real
Malanday,2024-08-26,9,real
Malanday,2024-09-02,10,real
Malanday,2024-09-09,11,real
Malanday,2024-09-16,11,real
Malanday,2024-09-23,4,real
Malanday,2024-09-30,6,real
Malanday,2024-10-07,11,real
Malanday,2024-10-14,9,real
Malanday,2024-10-21,4,real
Malanday,2024-10-28,5,real
Malanday,2024-11-04,7,real
Malanday,2024-11-11,10,real
Malanday,2024-11-18,7,real
Malanday,2024-11-25,11,real
Malanday,2024-12-02,5,real
Malanday,2024-12-09,5,real
Malanday,2024-12-16,5,real
Malanday,2024-12-23,3,real
Malanday,2024-12-30,2,real
Malanday,2025-01-06,7,real
Malanday,2025-01-13,3,real
Malanday,2025-01-20,8,real
Malanday,2025-01-27,5,real
Malanday,2025-02-03,4,real
Malanday,2025-02-10,3,real
Malanday,2025-02-17,2,real
Malanday,2025-02-24,4,real
Malanday,2025-03-03,0,real
Malanday,2025-03-10,1,real
Malanday,2025-03-17,4,real
Malanday,2025-03-24,1,real
Malanday,2025-03-31,0,real
Malanday,2025-04-07,0,real
Malanday,2025-04-14,3,real
Malanday,2025-04-21,0,real
Malanday,2025-04-28,2,real
Malanday,2025-05-05,1,real
Malanday,2025-05-12,1,real
Malanday,2025-05-19,1,real
Malanday,2025-05-26,0,real
Malanday,2025-06-02,0,real
Malanday,2025-06-09,1,real
Malanday,2025-06-16,0,real
Malanday,2025-06-23,0,real
Malanday,2025-06-30,2,real
Malanday,2025-07-07,0,real
Malanday,2025-07-14,0,real
Malanday,2025-07-21,0,real
Malanday,2025-07-28,2,real
Malanday,2025-08-04,2,real
Malanday,2025-08-11,0,real
Malanday,2025-08-18,1,real
Malanday,2025-08-25,0,real
Malanday,2025-09-01,3,real
Malanday,2025-09-08,4,real
Malanday,2025-09-15,2,real
Malanday,2025-09-22,0,real
Malanday,2025-09-29,4,real
Malanday,2025-10-06,2,real
Malanday,2025-10-13,3,real
Malanday,2025-10-20,4,real
Malanday,2025-10-27,3,real
Malanday,2025-11-03,0,real
Malanday,2025-11-10,0,real
Malanday,2025-11-17,0,real
Malanday,2025-11-24,0,real
Malanday,2025-12-01,0,real
Malanday,2025-12-08,0,real
Malanday,2025-12-15,0,real
Malanday,2025-12-22,0,real
Malanday,2025-12-29,1,real
Malanday,2026-01-05,4,real
Malanday,2026-01-12,5,real
Malanday,2026-01-19,0,real
Malanday,2026-01-26,4,real
Malanday,2026-02-02,3,real
Malanday,2026-02-09,0,real
Malanday,2026-02-16,5,real
Malanday,2026-02-23,1,real
Malanday,2026-03-02,0,real
Malanday,2026-03-09,1,real
Malanday,2026-03-16,0,real
Malanday,2026-03-23,3,real
Malanday,2026-03-30,1,real
Nangka,2017-01-02,8,synthetic
Nangka,2017-01-09,15,synthetic
Nangka,2017-01-16,6,synthetic
Nangka,2017-01-23,8,synthetic
Nangka,2017-01-30,4,synthetic
Nangka,2017-02-06,9,synthetic
Nangka,2017-02-13,2,synthetic
Nangka,2017-02-20,0,synthetic
Nangka,2017-02-27,1,synthetic
Nangka,2017-03-06,1,synthetic
Nangka,2017-03-13,2,synthetic
Nangka,2017-03-20,6,synthetic
Nangka,2017-03-27,2,synthetic
Nangka,2017-04-03,1,synthetic
Nangka,2017-04-10,2,synthetic
Nangka,2017-04-17,1,synthetic
Nangka,2017-04-24,1,synthetic
Nangka,2017-05-01,4,synthetic
Nangka,2017-05-08,3,synthetic
Nangka,2017-05-15,0,synthetic
Nangka,2017-05-22,1,synthetic
Nangka,2017-05-29,1,synthetic
Nangka,2017-06-05,2,synthetic
Nangka,2017-06-12,2,synthetic
Nangka,2017-06-19,3,synthetic
Nangka,2017-06-26,1,synthetic
Nangka,2017-07-03,3,synthetic
Nangka,2017-07-10,2,synthetic
Nangka,2017-07-17,2,synthetic
Nangka,2017-07-24,2,synthetic
Nangka,2017-07-31,7,synthetic
Nangka,2017-08-07,8,synthetic
Nangka,2017-08-14,2,synthetic
Nangka,2017-08-21,7,synthetic
Nangka,2017-08-28,5,synthetic
Nangka,2017-09-04,9,synthetic
Nangka,2017-09-11,12,synthetic
Nangka,2017-09-18,13,synthetic
Nangka,2017-09-25,7,synthetic
Nangka,2017-10-02,14,synthetic
Nangka,2017-10-09,5,synthetic
Nangka,2017-10-16,12,synthetic
Nangka,2017-10-23,5,synthetic
Nangka,2017-10-30,10,synthetic
Nangka,2017-11-06,3,synthetic
Nangka,2017-11-13,6,synthetic
Nangka,2017-11-20,6,synthetic
Nangka,2017-11-27,9,synthetic
Nangka,2017-12-04,4,synthetic
Nangka,2017-12-11,8,synthetic
Nangka,2017-12-18,8,synthetic
Nangka,2017-12-25,3,synthetic
Nangka,2018-01-01,11,synthetic
Nangka,2018-01-08,21,synthetic
Nangka,2018-01-15,9,synthetic
Nangka,2018-01-22,13,synthetic
Nangka,2018-01-29,9,synthetic
Nangka,2018-02-05,9,synthetic
Nangka,2018-02-12,6,synthetic
Nangka,2018-02-19,6,synthetic
Nangka,2018-02-26,8,synthetic
Nangka,2018-03-05,0,synthetic
Nangka,2018-03-12,4,synthetic
Nangka,2018-03-19,5,synthetic
Nangka,2018-03-26,3,synthetic
Nangka,2018-04-02,5,synthetic
Nangka,2018-04-09,4,synthetic
Nangka,2018-04-16,2,synthetic
Nangka,2018-04-23,1,synthetic
Nangka,2018-04-30,2,synthetic
Nangka,2018-05-07,3,synthetic
Nangka,2018-05-14,2,synthetic
Nangka,2018-05-21,2,synthetic
Nangka,2018-05-28,2,synthetic
Nangka,2018-06-04,8,synthetic
Nangka,2018-06-11,2,synthetic
Nangka,2018-06-18,2,synthetic
Nangka,2018-06-25,1,synthetic
Nangka,2018-07-02,7,synthetic
Nangka,2018-07-09,6,synthetic
Nangka,2018-07-16,6,synthetic
Nangka,2018-07-23,4,synthetic
Nangka,2018-07-30,7,synthetic
Nangka,2018-08-06,12,synthetic
Nangka,2018-08-13,6,synthetic
Nangka,2018-08-20,22,synthetic
Nangka,2018-08-27,5,synthetic
Nangka,2018-09-03,13,synthetic
Nangka,2018-09-10,19,synthetic
Nangka,2018-09-17,10,synthetic
Nangka,2018-09-24,12,synthetic
Nangka,2018-10-01,21,synthetic
Nangka,2018-10-08,25,synthetic
Nangka,2018-10-15,14,synthetic
Nangka,2018-10-22,4,synthetic
Nangka,2018-10-29,15,synthetic
Nangka,2018-11-05,11,synthetic
Nangka,2018-11-12,10,synthetic
Nangka,2018-11-19,9,synthetic
Nangka,2018-11-26,12,synthetic
Nangka,2018-12-03,9,synthetic
Nangka,2018-12-10,5,synthetic
Nangka,2018-12-17,6,synthetic
Nangka,2018-12-24,5,synthetic
Nangka,2019-01-07,15,synthetic
Nangka,2019-01-14,11,synthetic
Nangka,2019-01-21,18,synthetic
Nangka,2019-01-28,2,synthetic
Nangka,2019-02-04,7,synthetic
Nangka,2019-02-11,6,synthetic
Nangka,2019-02-18,5,synthetic
Nangka,2019-02-25,8,synthetic
Nangka,2019-03-04,0,synthetic
Nangka,2019-03-11,6,synthetic
Nangka,2019-03-18,5,synthetic
Nangka,2019-03-25,1,synthetic
Nangka,2019-04-01,1,synthetic
Nangka,2019-04-08,2,synthetic
Nangka,2019-04-15,1,synthetic
Nangka,2019-04-22,3,synthetic
Nangka,2019-04-29,1,synthetic
Nangka,2019-05-06,1,synthetic
Nangka,2019-05-13,4,synthetic
Nangka,2019-05-20,2,synthetic
Nangka,2019-05-27,3,synthetic
Nangka,2019-06-03,8,synthetic
Nangka,2019-06-10,2,synthetic
Nangka,2019-06-17,5,synthetic
Nangka,2019-06-24,3,synthetic
Nangka,2019-07-01,14,synthetic
Nangka,2019-07-08,7,synthetic
Nangka,2019-07-15,9,synthetic
Nangka,2019-07-22,4,synthetic
Nangka,2019-07-29,8,synthetic
Nangka,2019-08-05,9,synthetic
Nangka,2019-08-12,6,synthetic
Nangka,2019-08-19,12,synthetic
Nangka,2019-08-26,12,synthetic
Nangka,2019-09-02,11,synthetic
Nangka,2019-09-09,13,synthetic
Nangka,2019-09-16,22,synthetic
Nangka,2019-09-23,21,synthetic
Nangka,2019-09-30,26,synthetic
Nangka,2019-10-07,24,synthetic
Nangka,2019-10-14,12,synthetic
Nangka,2019-10-21,12,synthetic
Nangka,2019-10-28,15,synthetic
Nangka,2019-11-04,11,synthetic
Nangka,2019-11-11,10,synthetic
Nangka,2019-11-18,14,synthetic
Nangka,2019-11-25,12,synthetic
Nangka,2019-12-02,0,synthetic
Nangka,2019-12-09,14,synthetic
Nangka,2019-12-16,13,synthetic
Nangka,2019-12-23,8,synthetic
Nangka,2019-12-30,14,synthetic
Nangka,2020-01-06,3,synthetic
Nangka,2020-01-13,4,synthetic
Nangka,2020-01-20,3,synthetic
Nangka,2020-01-27,1,synthetic
Nangka,2020-02-03,0,synthetic
Nangka,2020-02-10,1,synthetic
Nangka,2020-02-17,1,synthetic
Nangka,2020-02-24,0,synthetic
Nangka,2020-03-02,0,synthetic
Nangka,2020-03-09,1,synthetic
Nangka,2020-03-16,1,synthetic
Nangka,2020-03-23,1,synthetic
Nangka,2020-03-30,0,synthetic
Nangka,2020-04-06,0,synthetic
Nangka,2020-04-13,0,synthetic
Nangka,2020-04-20,0,synthetic
Nangka,2020-04-27,1,synthetic
Nangka,2020-05-04,0,synthetic
Nangka,2020-05-11,0,synthetic
Nangka,2020-05-18,2,synthetic
Nangka,2020-05-25,0,synthetic
Nangka,2020-06-01,4,synthetic
Nangka,2020-06-08,0,synthetic
Nangka,2020-06-15,2,synthetic
Nangka,2020-06-22,0,synthetic
Nangka,2020-06-29,3,synthetic
Nangka,2020-07-06,3,synthetic
Nangka,2020-07-13,3,synthetic
Nangka,2020-07-20,1,synthetic
Nangka,2020-07-27,3,synthetic
Nangka,2020-08-03,2,synthetic
Nangka,2020-08-10,0,synthetic
Nangka,2020-08-17,3,synthetic
Nangka,2020-08-24,2,synthetic
Nangka,2020-08-31,3,synthetic
Nangka,2020-09-07,3,synthetic
Nangka,2020-09-14,2,synthetic
Nangka,2020-09-21,2,synthetic
Nangka,2020-09-28,6,synthetic
Nangka,2020-10-05,1,synthetic
Nangka,2020-10-12,6,synthetic
Nangka,2020-10-19,2,synthetic
Nangka,2020-10-26,4,synthetic
Nangka,2020-11-02,3,synthetic
Nangka,2020-11-09,2,synthetic
Nangka,2020-11-16,5,synthetic
Nangka,2020-11-23,2,synthetic
Nangka,2020-11-30,0,synthetic
Nangka,2020-12-07,3,synthetic
Nangka,2020-12-14,1,synthetic
Nangka,2020-12-21,2,synthetic
Nangka,2020-12-28,4,synthetic
Nangka,2021-01-04,1,synthetic
Nangka,2021-01-11,6,synthetic
Nangka,2021-01-18,4,synthetic
Nangka,2021-01-25,4,synthetic
Nangka,2021-02-01,2,synthetic
Nangka,2021-02-08,2,synthetic
Nangka,2021-02-15,2,synthetic
Nangka,2021-02-22,1,synthetic
Nangka,2021-03-01,0,synthetic
Nangka,2021-03-08,1,synthetic
Nangka,2021-03-15,2,synthetic
Nangka,2021-03-22,1,synthetic
Nangka,2021-03-29,0,synthetic
Nangka,2021-04-05,0,synthetic
Nangka,2021-04-12,1,synthetic
Nangka,2021-04-19,2,synthetic
Nangka,2021-04-26,0,synthetic
Nangka,2021-05-03,0,synthetic
Nangka,2021-05-10,0,synthetic
Nangka,2021-05-17,0,synthetic
Nangka,2021-05-24,4,synthetic
Nangka,2021-05-31,0,synthetic
Nangka,2021-06-07,5,synthetic
Nangka,2021-06-14,2,synthetic
Nangka,2021-06-21,2,synthetic
Nangka,2021-06-28,1,synthetic
Nangka,2021-07-05,2,synthetic
Nangka,2021-07-12,2,synthetic
Nangka,2021-07-19,4,synthetic
Nangka,2021-07-26,1,synthetic
Nangka,2021-08-02,3,synthetic
Nangka,2021-08-09,2,synthetic
Nangka,2021-08-16,3,synthetic
Nangka,2021-08-23,7,synthetic
Nangka,2021-08-30,1,synthetic
Nangka,2021-09-06,2,synthetic
Nangka,2021-09-13,3,synthetic
Nangka,2021-09-20,2,synthetic
Nangka,2021-09-27,4,synthetic
Nangka,2021-10-04,2,synthetic
Nangka,2021-10-11,6,synthetic
Nangka,2021-10-18,7,synthetic
Nangka,2021-10-25,2,synthetic
Nangka,2021-11-01,6,synthetic
Nangka,2021-11-08,1,synthetic
Nangka,2021-11-15,4,synthetic
Nangka,2021-11-22,3,synthetic
Nangka,2021-11-29,6,synthetic
Nangka,2021-12-06,0,synthetic
Nangka,2021-12-13,4,synthetic
Nangka,2021-12-20,1,synthetic
Nangka,2021-12-27,3,synthetic
Nangka,2022-01-24,0,real
Nangka,2022-01-31,0,real
Nangka,2022-02-07,0,real
Nangka,2022-02-14,0,real
Nangka,2022-02-21,0,real
Nangka,2022-02-28,0,real
Nangka,2022-03-07,0,real
Nangka,2022-03-14,0,real
Nangka,2022-03-21,0,real
Nangka,2022-03-28,0,real
Nangka,2022-04-04,0,real
Nangka,2022-04-11,0,real
Nangka,2022-04-18,0,real
Nangka,2022-04-25,0,real
Nangka,2022-05-02,0,real
Nangka,2022-05-09,0,real
Nangka,2022-05-16,0,real
Nangka,2022-05-23,0,real
Nangka,2022-05-30,0,real
Nangka,2022-06-06,0,real
Nangka,2022-06-13,0,real
Nangka,2022-06-20,0,real
Nangka,2022-06-27,0,real
Nangka,2022-07-04,0,real
Nangka,2022-07-11,0,real
Nangka,2022-07-18,0,real
Nangka,2022-07-25,0,real
Nangka,2022-08-01,0,real
Nangka,2022-08-08,0,real
Nangka,2022-08-15,0,real
Nangka,2022-08-22,0,real
Nangka,2022-08-29,1,real
Nangka,2022-09-05,0,real
Nangka,2022-09-12,2,real
Nangka,2022-09-19,0,real
Nangka,2022-09-26,0,real
Nangka,2022-10-03,0,real
Nangka,2022-10-10,1,real
Nangka,2022-10-17,2,real
Nangka,2022-10-24,1,real
Nangka,2022-10-31,3,real
Nangka,2022-11-07,0,real
Nangka,2022-11-14,2,real
Nangka,2022-11-21,2,real
Nangka,2022-11-28,0,real
Nangka,2022-12-05,0,real
Nangka,2022-12-12,2,real
Nangka,2022-12-19,1,real
Nangka,2022-12-26,1,real
Nangka,2023-01-02,0,real
Nangka,2023-01-09,1,real
Nangka,2023-01-16,0,real
Nangka,2023-01-23,0,real
Nangka,2023-01-30,1,real
Nangka,2023-02-06,1,real
Nangka,2023-02-13,1,real
Nangka,2023-02-20,0,real
Nangka,2023-02-27,0,real
Nangka,2023-03-06,2,real
Nangka,2023-03-13,0,real
Nangka,2023-03-20,4,real
Nangka,2023-03-27,0,real
Nangka,2023-04-03,0,real
Nangka,2023-04-10,0,real
Nangka,2023-04-17,1,real
Nangka,2023-04-24,1,real
Nangka,2023-05-01,0,real
Nangka,2023-05-08,0,real
Nangka,2023-05-15,0,real
Nangka,2023-05-22,1,real
Nangka,2023-05-29,0,real
Nangka,2023-06-05,17,real
Nangka,2023-06-12,0,real
Nangka,2023-06-19,2,real
Nangka,2023-06-26,1,real
Nangka,2023-07-03,6,real
Nangka,2023-07-10,3,real
Nangka,2023-07-17,0,real
Nangka,2023-07-24,0,real
Nangka,2023-07-31,0,real
Nangka,2023-08-07,4,real
Nangka,2023-08-14,1,real
Nangka,2023-08-21,1,real
Nangka,2023-08-28,0,real
Nangka,2023-09-04,1,real
Nangka,2023-09-11,6,real
Nangka,2023-09-18,10,real
Nangka,2023-09-25,2,real
Nangka,2023-10-02,28,real
Nangka,2023-10-09,2,real
Nangka,2023-10-16,10,real
Nangka,2023-10-23,2,real
Nangka,2023-10-30,3,real
Nangka,2023-11-06,1,real
Nangka,2023-11-13,1,real
Nangka,2023-11-20,6,real
Nangka,2023-11-27,2,real
Nangka,2023-12-04,1,real
Nangka,2023-12-11,2,real
Nangka,2023-12-18,3,real
Nangka,2023-12-25,3,real
Nangka,2024-01-01,5,real
Nangka,2024-01-08,11,real
Nangka,2024-01-15,0,real
Nangka,2024-01-22,8,real
Nangka,2024-01-29,0,real
Nangka,2024-02-05,1,real
Nangka,2024-02-12,2,real
Nangka,2024-02-19,0,real
Nangka,2024-02-26,2,real
Nangka,2024-03-04,2,real
Nangka,2024-03-11,2,real
Nangka,2024-03-18,0,real
Nangka,2024-03-25,1,real
Nangka,2024-04-01,2,real
Nangka,2024-04-08,0,real
Nangka,2024-04-15,0,real
Nangka,2024-04-22,0,real
Nangka,2024-04-29,2,real
Nangka,2024-05-06,0,real
Nangka,2024-05-13,1,real
Nangka,2024-05-20,0,real
Nangka,2024-05-27,0,real
Nangka,2024-06-03,1,real
Nangka,2024-06-10,0,real
Nangka,2024-06-17,0,real
Nangka,2024-06-24,0,real
Nangka,2024-07-01,1,real
Nangka,2024-07-08,1,real
Nangka,2024-07-15,3,real
Nangka,2024-07-22,2,real
Nangka,2024-07-29,4,real
Nangka,2024-08-05,7,real
Nangka,2024-08-12,0,real
Nangka,2024-08-19,5,real
Nangka,2024-08-26,0,real
Nangka,2024-09-02,8,real
Nangka,2024-09-09,5,real
Nangka,2024-09-16,4,real
Nangka,2024-09-23,8,real
Nangka,2024-09-30,7,real
Nangka,2024-10-07,4,real
Nangka,2024-10-14,3,real
Nangka,2024-10-21,3,real
Nangka,2024-10-28,2,real
Nangka,2024-11-04,1,real
Nangka,2024-11-11,1,real
Nangka,2024-11-18,3,real
Nangka,2024-11-25,2,real
Nangka,2024-12-02,2,real
Nangka,2024-12-09,2,real
Nangka,2024-12-16,1,real
Nangka,2024-12-23,1,real
Nangka,2024-12-30,3,real
Nangka,2025-01-06,4,real
Nangka,2025-01-13,7,real
Nangka,2025-01-20,4,real
Nangka,2025-01-27,3,real
Nangka,2025-02-03,1,real
Nangka,2025-02-10,3,real
Nangka,2025-02-17,1,real
Nangka,2025-02-24,3,real
Nangka,2025-03-03,0,real
Nangka,2025-03-10,4,real
Nangka,2025-03-17,3,real
Nangka,2025-03-24,0,real
Nangka,2025-03-31,2,real
Nangka,2025-04-07,3,real
Nangka,2025-04-14,3,real
Nangka,2025-04-21,2,real
Nangka,2025-04-28,0,real
Nangka,2025-05-05,2,real
Nangka,2025-05-12,0,real
Nangka,2025-05-19,0,real
Nangka,2025-05-26,0,real
Nangka,2025-06-02,1,real
Nangka,2025-06-09,1,real
Nangka,2025-06-16,0,real
Nangka,2025-06-23,0,real
Nangka,2025-06-30,1,real
Nangka,2025-07-07,2,real
Nangka,2025-07-14,3,real
Nangka,2025-07-21,0,real
Nangka,2025-07-28,0,real
Nangka,2025-08-04,2,real
Nangka,2025-08-11,2,real
Nangka,2025-08-18,4,real
Nangka,2025-08-25,1,real
Nangka,2025-09-01,1,real
Nangka,2025-09-08,7,real
Nangka,2025-09-15,3,real
Nangka,2025-09-22,3,real
Nangka,2025-09-29,2,real
Nangka,2025-10-06,7,real
Nangka,2025-10-13,3,real
Nangka,2025-10-20,1,real
Nangka,2025-10-27,2,real
Nangka,2025-11-03,0,real
Nangka,2025-11-10,0,real
Nangka,2025-11-17,0,real
Nangka,2025-11-24,0,real
Nangka,2025-12-01,0,real
Nangka,2025-12-08,0,real
Nangka,2025-12-15,0,real
Nangka,2025-12-22,0,real
Nangka,2025-12-29,2,real
Nangka,2026-01-05,5,real
Nangka,2026-01-12,4,real
Nangka,2026-01-19,2,real
Nangka,2026-01-26,0,real
Nangka,2026-02-02,2,real
Nangka,2026-02-09,0,real
Nangka,2026-02-16,0,real
Nangka,2026-02-23,0,real
Nangka,2026-03-02,0,real
Nangka,2026-03-09,2,real
Nangka,2026-03-16,0,real
Nangka,2026-03-23,1,real
Nangka,2026-03-30,0,real
Tumana,2017-01-02,4,synthetic
Tumana,2017-01-09,9,synthetic
Tumana,2017-01-16,3,synthetic
Tumana,2017-01-23,6,synthetic
Tumana,2017-01-30,1,synthetic
Tumana,2017-02-06,3,synthetic
Tumana,2017-02-13,4,synthetic
Tumana,2017-02-20,2,synthetic
Tumana,2017-02-27,4,synthetic
Tumana,2017-03-06,0,synthetic
Tumana,2017-03-13,6,synthetic
Tumana,2017-03-20,4,synthetic
Tumana,2017-03-27,0,synthetic
Tumana,2017-04-03,1,synthetic
Tumana,2017-04-10,0,synthetic
Tumana,2017-04-17,1,synthetic
Tumana,2017-04-24,1,synthetic
Tumana,2017-05-01,1,synthetic
Tumana,2017-05-08,0,synthetic
Tumana,2017-05-15,0,synthetic
Tumana,2017-05-22,3,synthetic
Tumana,2017-05-29,1,synthetic
Tumana,2017-06-05,3,synthetic
Tumana,2017-06-12,0,synthetic
Tumana,2017-06-19,2,synthetic
Tumana,2017-06-26,2,synthetic
Tumana,2017-07-03,4,synthetic
Tumana,2017-07-10,2,synthetic
Tumana,2017-07-17,1,synthetic
Tumana,2017-07-24,4,synthetic
Tumana,2017-07-31,2,synthetic
Tumana,2017-08-07,7,synthetic
Tumana,2017-08-14,3,synthetic
Tumana,2017-08-21,5,synthetic
Tumana,2017-08-28,8,synthetic
Tumana,2017-09-04,8,synthetic
Tumana,2017-09-11,5,synthetic
Tumana,2017-09-18,7,synthetic
Tumana,2017-09-25,11,synthetic
Tumana,2017-10-02,15,synthetic
Tumana,2017-10-09,8,synthetic
Tumana,2017-10-16,6,synthetic
Tumana,2017-10-23,4,synthetic
Tumana,2017-10-30,6,synthetic
Tumana,2017-11-06,5,synthetic
Tumana,2017-11-13,4,synthetic
Tumana,2017-11-20,5,synthetic
Tumana,2017-11-27,5,synthetic
Tumana,2017-12-04,3,synthetic
Tumana,2017-12-11,5,synthetic
Tumana,2017-12-18,5,synthetic
Tumana,2017-12-25,3,synthetic
Tumana,2018-01-01,9,synthetic
Tumana,2018-01-08,17,synthetic
Tumana,2018-01-15,6,synthetic
Tumana,2018-01-22,11,synthetic
Tumana,2018-01-29,5,synthetic
Tumana,2018-02-05,7,synthetic
Tumana,2018-02-12,5,synthetic
Tumana,2018-02-19,1,synthetic
Tumana,2018-02-26,4,synthetic
Tumana,2018-03-05,1,synthetic
Tumana,2018-03-12,4,synthetic
Tumana,2018-03-19,2,synthetic
Tumana,2018-03-26,2,synthetic
Tumana,2018-04-02,4,synthetic
Tumana,2018-04-09,1,synthetic
Tumana,2018-04-16,3,synthetic
Tumana,2018-04-23,1,synthetic
Tumana,2018-04-30,3,synthetic
Tumana,2018-05-07,1,synthetic
Tumana,2018-05-14,2,synthetic
Tumana,2018-05-21,2,synthetic
Tumana,2018-05-28,2,synthetic
Tumana,2018-06-04,9,synthetic
Tumana,2018-06-11,1,synthetic
Tumana,2018-06-18,3,synthetic
Tumana,2018-06-25,2,synthetic
Tumana,2018-07-02,6,synthetic
Tumana,2018-07-09,5,synthetic
Tumana,2018-07-16,6,synthetic
Tumana,2018-07-23,4,synthetic
Tumana,2018-07-30,5,synthetic
Tumana,2018-08-06,9,synthetic
Tumana,2018-08-13,3,synthetic
Tumana,2018-08-20,11,synthetic
Tumana,2018-08-27,10,synthetic
Tumana,2018-09-03,16,synthetic
Tumana,2018-09-10,13,synthetic
Tumana,2018-09-17,9,synthetic
Tumana,2018-09-24,13,synthetic
Tumana,2018-10-01,27,synthetic
Tumana,2018-10-08,15,synthetic
Tumana,2018-10-15,12,synthetic
Tumana,2018-10-22,8,synthetic
Tumana,2018-10-29,8,synthetic
Tumana,2018-11-05,6,synthetic
Tumana,2018-11-12,6,synthetic
Tumana,2018-11-19,16,synthetic
Tumana,2018-11-26,6,synthetic
Tumana,2018-12-03,1,synthetic
Tumana,2018-12-10,6,synthetic
Tumana,2018-12-17,4,synthetic
Tumana,2018-12-24,7,synthetic
Tumana,2019-01-07,20,synthetic
Tumana,2019-01-14,12,synthetic
Tumana,2019-01-21,9,synthetic
Tumana,2019-01-28,6,synthetic
Tumana,2019-02-04,1,synthetic
Tumana,2019-02-11,1,synthetic
Tumana,2019-02-18,2,synthetic
Tumana,2019-02-25,6,synthetic
Tumana,2019-03-04,0,synthetic
Tumana,2019-03-11,4,synthetic
Tumana,2019-03-18,1,synthetic
Tumana,2019-03-25,4,synthetic
Tumana,2019-04-01,0,synthetic
Tumana,2019-04-08,0,synthetic
Tumana,2019-04-15,1,synthetic
Tumana,2019-04-22,0,synthetic
Tumana,2019-04-29,1,synthetic
Tumana,2019-05-06,1,synthetic
Tumana,2019-05-13,2,synthetic
Tumana,2019-05-20,3,synthetic
Tumana,2019-05-27,0,synthetic
Tumana,2019-06-03,7,synthetic
Tumana,2019-06-10,2,synthetic
Tumana,2019-06-17,4,synthetic
Tumana,2019-06-24,1,synthetic
Tumana,2019-07-01,3,synthetic
Tumana,2019-07-08,7,synthetic
Tumana,2019-07-15,8,synthetic
Tumana,2019-07-22,1,synthetic
Tumana,2019-07-29,3,synthetic
Tumana,2019-08-05,9,synthetic
Tumana,2019-08-12,2,synthetic
Tumana,2019-08-19,8,synthetic
Tumana,2019-08-26,8,synthetic
Tumana,2019-09-02,10,synthetic
Tumana,2019-09-09,11,synthetic
Tumana,2019-09-16,10,synthetic
Tumana,2019-09-23,10,synthetic
Tumana,2019-09-30,20,synthetic
Tumana,2019-10-07,10,synthetic
Tumana,2019-10-14,13,synthetic
Tumana,2019-10-21,9,synthetic
Tumana,2019-10-28,14,synthetic
Tumana,2019-11-04,14,synthetic
Tumana,2019-11-11,8,synthetic
Tumana,2019-11-18,7,synthetic
Tumana,2019-11-25,7,synthetic
Tumana,2019-12-02,3,synthetic
Tumana,2019-12-09,8,synthetic
Tumana,2019-12-16,9,synthetic
Tumana,2019-12-23,8,synthetic
Tumana,2019-12-30,7,synthetic
Tumana,2020-01-06,1,synthetic
Tumana,2020-01-13,1,synthetic
Tumana,2020-01-20,3,synthetic
Tumana,2020-01-27,2,synthetic
Tumana,2020-02-03,1,synthetic
Tumana,2020-02-10,0,synthetic
Tumana,2020-02-17,1,synthetic
Tumana,2020-02-24,0,synthetic
Tumana,2020-03-02,1,synthetic
Tumana,2020-03-09,1,synthetic
Tumana,2020-03-16,0,synthetic
Tumana,2020-03-23,0,synthetic
Tumana,2020-03-30,0,synthetic
Tumana,2020-04-06,0,synthetic
Tumana,2020-04-13,1,synthetic
Tumana,2020-04-20,1,synthetic
Tumana,2020-04-27,0,synthetic
Tumana,2020-05-04,0,synthetic
Tumana,2020-05-11,1,synthetic
Tumana,2020-05-18,0,synthetic
Tumana,2020-05-25,1,synthetic
Tumana,2020-06-01,1,synthetic
Tumana,2020-06-08,1,synthetic
Tumana,2020-06-15,1,synthetic
Tumana,2020-06-22,0,synthetic
Tumana,2020-06-29,2,synthetic
Tumana,2020-07-06,1,synthetic
Tumana,2020-07-13,0,synthetic
Tumana,2020-07-20,0,synthetic
Tumana,2020-07-27,0,synthetic
Tumana,2020-08-03,5,synthetic
Tumana,2020-08-10,0,synthetic
Tumana,2020-08-17,4,synthetic
Tumana,2020-08-24,1,synthetic
Tumana,2020-08-31,1,synthetic
Tumana,2020-09-07,2,synthetic
Tumana,2020-09-14,2,synthetic
Tumana,2020-09-21,2,synthetic
Tumana,2020-09-28,6,synthetic
Tumana,2020-10-05,4,synthetic
Tumana,2020-10-12,1,synthetic
Tumana,2020-10-19,1,synthetic
Tumana,2020-10-26,6,synthetic
Tumana,2020-11-02,2,synthetic
Tumana,2020-11-09,4,synthetic
Tumana,2020-11-16,0,synthetic
Tumana,2020-11-23,3,synthetic
Tumana,2020-11-30,1,synthetic
Tumana,2020-12-07,0,synthetic
Tumana,2020-12-14,2,synthetic
Tumana,2020-12-21,2,synthetic
Tumana,2020-12-28,0,synthetic
Tumana,2021-01-04,4,synthetic
Tumana,2021-01-11,2,synthetic
Tumana,2021-01-18,2,synthetic
Tumana,2021-01-25,2,synthetic
Tumana,2021-02-01,0,synthetic
Tumana,2021-02-08,1,synthetic
Tumana,2021-02-15,1,synthetic
Tumana,2021-02-22,1,synthetic
Tumana,2021-03-01,1,synthetic
Tumana,2021-03-08,0,synthetic
Tumana,2021-03-15,0,synthetic
Tumana,2021-03-22,0,synthetic
Tumana,2021-03-29,0,synthetic
Tumana,2021-04-05,0,synthetic
Tumana,2021-04-12,0,synthetic
Tumana,2021-04-19,1,synthetic
Tumana,2021-04-26,0,synthetic
Tumana,2021-05-03,0,synthetic
Tumana,2021-05-10,0,synthetic
Tumana,2021-05-17,0,synthetic
Tumana,2021-05-24,0,synthetic
Tumana,2021-05-31,0,synthetic
Tumana,2021-06-07,3,synthetic
Tumana,2021-06-14,1,synthetic
Tumana,2021-06-21,2,synthetic
Tumana,2021-06-28,0,synthetic
Tumana,2021-07-05,2,synthetic
Tumana,2021-07-12,6,synthetic
Tumana,2021-07-19,1,synthetic
Tumana,2021-07-26,2,synthetic
Tumana,2021-08-02,0,synthetic
Tumana,2021-08-09,2,synthetic
Tumana,2021-08-16,1,synthetic
Tumana,2021-08-23,3,synthetic
Tumana,2021-08-30,0,synthetic
Tumana,2021-09-06,4,synthetic
Tumana,2021-09-13,6,synthetic
Tumana,2021-09-20,7,synthetic
Tumana,2021-09-27,5,synthetic
Tumana,2021-10-04,8,synthetic
Tumana,2021-10-11,3,synthetic
Tumana,2021-10-18,6,synthetic
Tumana,2021-10-25,2,synthetic
Tumana,2021-11-01,6,synthetic
Tumana,2021-11-08,0,synthetic
Tumana,2021-11-15,1,synthetic
Tumana,2021-11-22,3,synthetic
Tumana,2021-11-29,1,synthetic
Tumana,2021-12-06,1,synthetic
Tumana,2021-12-13,4,synthetic
Tumana,2021-12-20,4,synthetic
Tumana,2021-12-27,2,synthetic
Tumana,2022-01-24,0,real
Tumana,2022-01-31,0,real
Tumana,2022-02-07,0,real
Tumana,2022-02-14,0,real
Tumana,2022-02-21,0,real
Tumana,2022-02-28,0,real
Tumana,2022-03-07,0,real
Tumana,2022-03-14,0,real
Tumana,2022-03-21,0,real
Tumana,2022-03-28,0,real
Tumana,2022-04-04,0,real
Tumana,2022-04-11,0,real
Tumana,2022-04-18,0,real
Tumana,2022-04-25,0,real
Tumana,2022-05-02,0,real
Tumana,2022-05-09,0,real
Tumana,2022-05-16,0,real
Tumana,2022-05-23,0,real
Tumana,2022-05-30,0,real
Tumana,2022-06-06,0,real
Tumana,2022-06-13,0,real
Tumana,2022-06-20,0,real
Tumana,2022-06-27,0,real
Tumana,2022-07-04,0,real
Tumana,2022-07-11,0,real
Tumana,2022-07-18,0,real
Tumana,2022-07-25,0,real
Tumana,2022-08-01,0,real
Tumana,2022-08-08,0,real
Tumana,2022-08-15,0,real
Tumana,2022-08-22,0,real
Tumana,2022-08-29,0,real
Tumana,2022-09-05,1,real
Tumana,2022-09-12,2,real
Tumana,2022-09-19,2,real
Tumana,2022-09-26,2,real
Tumana,2022-10-03,5,real
Tumana,2022-10-10,1,real
Tumana,2022-10-17,0,real
Tumana,2022-10-24,3,real
Tumana,2022-10-31,0,real
Tumana,2022-11-07,0,real
Tumana,2022-11-14,0,real
Tumana,2022-11-21,0,real
Tumana,2022-11-28,0,real
Tumana,2022-12-05,0,real
Tumana,2022-12-12,0,real
Tumana,2022-12-19,1,real
Tumana,2022-12-26,0,real
Tumana,2023-01-02,0,real
Tumana,2023-01-09,1,real
Tumana,2023-01-16,0,real
Tumana,2023-01-23,0,real
Tumana,2023-01-30,0,real
Tumana,2023-02-06,0,real
Tumana,2023-02-13,1,real
Tumana,2023-02-20,0,real
Tumana,2023-02-27,0,real
Tumana,2023-03-06,0,real
Tumana,2023-03-13,0,real
Tumana,2023-03-20,1,real
Tumana,2023-03-27,0,real
Tumana,2023-04-03,0,real
Tumana,2023-04-10,0,real
Tumana,2023-04-17,0,real
Tumana,2023-04-24,0,real
Tumana,2023-05-01,0,real
Tumana,2023-05-08,0,real
Tumana,2023-05-15,0,real
Tumana,2023-05-22,2,real
Tumana,2023-05-29,1,real
Tumana,2023-06-05,0,real
Tumana,2023-06-12,0,real
Tumana,2023-06-19,0,real
Tumana,2023-06-26,0,real
Tumana,2023-07-03,0,real
Tumana,2023-07-10,0,real
Tumana,2023-07-17,1,real
Tumana,2023-07-24,1,real
Tumana,2023-07-31,1,real
Tumana,2023-08-07,0,real
Tumana,2023-08-14,0,real
Tumana,2023-08-21,0,real
Tumana,2023-08-28,4,real
Tumana,2023-09-04,5,real
Tumana,2023-09-11,0,real
Tumana,2023-09-18,0,real
Tumana,2023-09-25,10,real
Tumana,2023-10-02,2,real
Tumana,2023-10-09,3,real
Tumana,2023-10-16,2,real
Tumana,2023-10-23,5,real
Tumana,2023-10-30,6,real
Tumana,2023-11-06,6,real
Tumana,2023-11-13,2,real
Tumana,2023-11-20,3,real
Tumana,2023-11-27,3,real
Tumana,2023-12-04,0,real
Tumana,2023-12-11,5,real
Tumana,2023-12-18,7,real
Tumana,2023-12-25,2,real
Tumana,2024-01-01,3,real
Tumana,2024-01-08,2,real
Tumana,2024-01-15,2,real
Tumana,2024-01-22,4,real
Tumana,2024-01-29,4,real
Tumana,2024-02-05,5,real
Tumana,2024-02-12,1,real
Tumana,2024-02-19,0,real
Tumana,2024-02-26,4,real
Tumana,2024-03-04,0,real
Tumana,2024-03-11,0,real
Tumana,2024-03-18,1,real
Tumana,2024-03-25,0,real
Tumana,2024-04-01,0,real
Tumana,2024-04-08,1,real
Tumana,2024-04-15,0,real
Tumana,2024-04-22,0,real
Tumana,2024-04-29,0,real
Tumana,2024-05-06,0,real
Tumana,2024-05-13,1,real
Tumana,2024-05-20,0,real
Tumana,2024-05-27,0,real
Tumana,2024-06-03,0,real
Tumana,2024-06-10,0,real
Tumana,2024-06-17,0,real
Tumana,2024-06-24,2,real
Tumana,2024-07-01,1,real
Tumana,2024-07-08,0,real
Tumana,2024-07-15,1,real
Tumana,2024-07-22,3,real
Tumana,2024-07-29,1,real
Tumana,2024-08-05,1,real
Tumana,2024-08-12,1,real
Tumana,2024-08-19,4,real
Tumana,2024-08-26,1,real
Tumana,2024-09-02,2,real
Tumana,2024-09-09,1,real
Tumana,2024-09-16,5,real
Tumana,2024-09-23,2,real
Tumana,2024-09-30,1,real
Tumana,2024-10-07,4,real
Tumana,2024-10-14,2,real
Tumana,2024-10-21,1,real
Tumana,2024-10-28,5,real
Tumana,2024-11-04,1,real
Tumana,2024-11-11,6,real
Tumana,2024-11-18,5,real
Tumana,2024-11-25,4,real
Tumana,2024-12-02,4,real
Tumana,2024-12-09,6,real
Tumana,2024-12-16,4,real
Tumana,2024-12-23,2,real
Tumana,2024-12-30,3,real
Tumana,2025-01-06,3,real
Tumana,2025-01-13,4,real
Tumana,2025-01-20,3,real
Tumana,2025-01-27,2,real
Tumana,2025-02-03,2,real
Tumana,2025-02-10,3,real
Tumana,2025-02-17,1,real
Tumana,2025-02-24,1,real
Tumana,2025-03-03,1,real
Tumana,2025-03-10,2,real
Tumana,2025-03-17,0,real
Tumana,2025-03-24,2,real
Tumana,2025-03-31,0,real
Tumana,2025-04-07,0,real
Tumana,2025-04-14,0,real
Tumana,2025-04-21,0,real
Tumana,2025-04-28,0,real
Tumana,2025-05-05,1,real
Tumana,2025-05-12,1,real
Tumana,2025-05-19,2,real
Tumana,2025-05-26,1,real
Tumana,2025-06-02,0,real
Tumana,2025-06-09,1,real
Tumana,2025-06-16,3,real
Tumana,2025-06-23,1,real
Tumana,2025-06-30,3,real
Tumana,2025-07-07,2,real
Tumana,2025-07-14,1,real
Tumana,2025-07-21,2,real
Tumana,2025-07-28,4,real
Tumana,2025-08-04,5,real
Tumana,2025-08-11,5,real
Tumana,2025-08-18,5,real
Tumana,2025-08-25,1,real
Tumana,2025-09-01,4,real
Tumana,2025-09-08,4,real
Tumana,2025-09-15,3,real
Tumana,2025-09-22,3,real
Tumana,2025-09-29,2,real
Tumana,2025-10-06,2,real
Tumana,2025-10-13,0,real
Tumana,2025-10-20,1,real
Tumana,2025-10-27,1,real
Tumana,2025-11-03,0,real
Tumana,2025-11-10,0,real
Tumana,2025-11-17,0,real
Tumana,2025-11-24,0,real
Tumana,2025-12-01,0,real
Tumana,2025-12-08,0,real
Tumana,2025-12-15,0,real
Tumana,2025-12-22,0,real
Tumana,2025-12-29,0,real
Tumana,2026-01-05,0,real
Tumana,2026-01-12,1,real
Tumana,2026-01-19,4,real
Tumana,2026-01-26,1,real
Tumana,2026-02-02,3,real
Tumana,2026-02-09,1,real
Tumana,2026-02-16,0,real
Tumana,2026-02-23,1,real
Tumana,2026-03-02,0,real
Tumana,2026-03-09,1,real
Tumana,2026-03-16,0,real
Tumana,2026-03-23,1,real
Tumana,2026-03-30,1,real
